{"cameraMode":{"drawMode":0,"name":"Shaded","section":"Shading Mode"},"sceneLighting":true,"audioPlay":false,"sceneViewState":{"m_AlwaysRefresh":false,"showFog":true,"showSkybox":true,"showFlares":true,"showImageEffects":true,"showParticleSystems":true,"showVisualEffectGraphs":true,"m_FxEnabled":true},"in2DMode":false,"pivot":{"x":35.515541076660159,"y":-6.20750617980957,"z":4.137186050415039},"rotation":{"x":0.48765116930007937,"y":0.005239407066255808,"z":-0.002924188505858183,"w":0.8730400800704956},"size":71.74052429199219,"orthographic":true}