{"cameraMode":{"drawMode":0,"name":"Shaded","section":"Shading Mode"},"sceneLighting":true,"audioPlay":false,"sceneViewState":{"m_AlwaysRefresh":false,"showFog":true,"showSkybox":true,"showFlares":true,"showImageEffects":true,"showParticleSystems":true,"showVisualEffectGraphs":true,"m_FxEnabled":true},"in2DMode":false,"pivot":{"x":49.01831817626953,"y":-5.068276882171631,"z":19.917692184448243},"rotation":{"x":0.44805026054382326,"y":0.13452944159507752,"z":-0.06840380281209946,"w":0.8811792135238648},"size":30.41436767578125,"orthographic":true}