{"cameraMode":{"drawMode":0,"name":"Shaded","section":"Shading Mode"},"sceneLighting":true,"audioPlay":false,"sceneViewState":{"m_AlwaysRefresh":false,"showFog":true,"showSkybox":true,"showFlares":true,"showImageEffects":true,"showParticleSystems":true,"showVisualEffectGraphs":true,"m_FxEnabled":true},"in2DMode":false,"pivot":{"x":39.099082946777347,"y":17.408798217773439,"z":8.290731430053711},"rotation":{"x":-0.4104888141155243,"y":-0.006568675395101309,"z":0.0029564625583589079,"w":-0.9118415117263794},"size":43.149776458740237,"orthographic":true}