{"cameraMode":{"drawMode":0,"name":"Shaded","section":"Shading Mode"},"sceneLighting":true,"audioPlay":false,"sceneViewState":{"m_AlwaysRefresh":false,"showFog":true,"showSkybox":true,"showFlares":true,"showImageEffects":true,"showParticleSystems":true,"showVisualEffectGraphs":true,"m_FxEnabled":true},"in2DMode":false,"pivot":{"x":44.13111877441406,"y":4.313751220703125,"z":16.689489364624025},"rotation":{"x":0.5542375445365906,"y":-0.054842282086610797,"z":0.03663367033004761,"w":0.8297449946403503},"size":19.737268447875978,"orthographic":true}